Perbandingan,Time,Type,Peak Identification,Conc
1.0,0.0,Product,A1,0.0
1.0,2.0,Product,A1,0.02891
1.0,4.0,Product,A1,0.026
1.0,6.0,Product,A1,0.02446
1.0,8.0,Product,A1,0.02529
1.0,10.0,Product,A1,0.02253
1.0,13.0,Product,A1,0.02084
1.0,16.0,Product,A1,0.02037
1.0,19.0,Product,A1,0.02093
1.0,22.0,Product,A1,0.0229
1.0,25.0,Product,A1,0.02262
1.0,30.0,Product,A1,0.02188
1.0,35.0,Product,A1,0.02186
1.0,40.0,Product,A1,0.0196
1.0,50.0,Product,A1,0.02251
1.0,70.0,Product,A1,0.02367
1.0,80.0,Product,A1,0.02182
1.0,120.0,Product,A1,0.02403
1.0,0.0,Product,A1_B1,0.0
1.0,4.0,Product,A1_B1,0.00052
1.0,6.0,Product,A1_B1,0.00275
1.0,8.0,Product,A1_B1,0.00348
1.0,10.0,Product,A1_B1,0.00331
1.0,13.0,Product,A1_B1,0.00313
1.0,16.0,Product,A1_B1,0.00579
1.0,19.0,Product,A1_B1,0.00365
1.0,22.0,Product,A1_B1,0.00421
1.0,25.0,Product,A1_B1,0.00452
1.0,30.0,Product,A1_B1,0.00517
1.0,35.0,Product,A1_B1,0.00488
1.0,40.0,Product,A1_B1,0.00457
1.0,50.0,Product,A1_B1,0.00568
1.0,70.0,Product,A1_B1,0.00633
1.0,80.0,Product,A1_B1,0.00535
1.0,120.0,Product,A1_B1,0.00745
1.0,0.0,Product,A1_B29,0.0
1.0,2.0,Product,A1_B29,0.07805
1.0,4.0,Product,A1_B29,0.11933
1.0,6.0,Product,A1_B29,0.13771
1.0,8.0,Product,A1_B29,0.16253
1.0,10.0,Product,A1_B29,0.15956
1.0,13.0,Product,A1_B29,0.15788
1.0,16.0,Product,A1_B29,0.16035
1.0,19.0,Product,A1_B29,0.16725
1.0,22.0,Product,A1_B29,0.18588
1.0,25.0,Product,A1_B29,0.18295
1.0,30.0,Product,A1_B29,0.18148
1.0,35.0,Product,A1_B29,0.17716
1.0,40.0,Product,A1_B29,0.1603
1.0,50.0,Product,A1_B29,0.18007
1.0,70.0,Product,A1_B29,0.18908
1.0,80.0,Product,A1_B29,0.17599
1.0,120.0,Product,A1_B29,0.18214
1.0,0.0,Product,A1_B29_B1,0.0
1.0,2.0,Product,A1_B29_B1,0.00244
1.0,4.0,Product,A1_B29_B1,0.00451
1.0,6.0,Product,A1_B29_B1,0.00468
1.0,8.0,Product,A1_B29_B1,0.00637
1.0,10.0,Product,A1_B29_B1,0.00617
1.0,13.0,Product,A1_B29_B1,0.00627
1.0,16.0,Product,A1_B29_B1,0.00682
1.0,19.0,Product,A1_B29_B1,0.00617
1.0,22.0,Product,A1_B29_B1,0.00734
1.0,25.0,Product,A1_B29_B1,0.00753
1.0,30.0,Product,A1_B29_B1,0.00786
1.0,35.0,Product,A1_B29_B1,0.00776
1.0,40.0,Product,A1_B29_B1,0.00691
1.0,50.0,Product,A1_B29_B1,0.00848
1.0,70.0,Product,A1_B29_B1,0.00901
1.0,80.0,Product,A1_B29_B1,0.00822
1.0,120.0,Product,A1_B29_B1,0.00969
1.0,0.0,Product,B1,0.0
1.0,35.0,Product,B1,0.00528
1.0,40.0,Product,B1,0.00486
1.0,70.0,Product,B1,0.00754
1.0,80.0,Product,B1,0.03011
1.0,120.0,Product,B1,0.04941
1.0,0.0,Product,B1_B29,0.0
1.0,2.0,Product,B1_B29,0.00669
1.0,4.0,Product,B1_B29,0.012
1.0,6.0,Product,B1_B29,0.007
1.0,8.0,Product,B1_B29,0.00937
1.0,10.0,Product,B1_B29,0.0083
1.0,13.0,Product,B1_B29,0.00818
1.0,16.0,Product,B1_B29,0.01037
1.0,19.0,Product,B1_B29,0.00834
1.0,22.0,Product,B1_B29,0.01012
1.0,25.0,Product,B1_B29,0.00987
1.0,30.0,Product,B1_B29,0.01132
1.0,35.0,Product,B1_B29,0.01049
1.0,40.0,Product,B1_B29,0.00935
1.0,50.0,Product,B1_B29,0.012
1.0,70.0,Product,B1_B29,0.01271
1.0,80.0,Product,B1_B29,0.01042
1.0,120.0,Product,B1_B29,0.01693
1.0,0.0,Substrate,desb30,1.4452
1.0,2.0,Substrate,desb30,0.45109
1.0,4.0,Substrate,desb30,0.2618
1.0,6.0,Substrate,desb30,0.21051
1.0,8.0,Substrate,desb30,0.19826
1.0,10.0,Substrate,desb30,0.16728
1.0,13.0,Substrate,desb30,0.1481
1.0,16.0,Substrate,desb30,0.13707
1.0,19.0,Substrate,desb30,0.14586
1.0,22.0,Substrate,desb30,0.15739
1.0,25.0,Substrate,desb30,0.1455
1.0,30.0,Substrate,desb30,0.14697
1.0,35.0,Substrate,desb30,0.14246
1.0,40.0,Substrate,desb30,0.12936
1.0,70.0,Substrate,desb30,0.14718
1.0,120.0,Substrate,desb30,0.13585
1.0,0.0,Product,detemir,0.0
1.0,2.0,Product,detemir,0.79637
1.0,4.0,Product,detemir,0.89134
1.0,6.0,Product,detemir,0.94954
1.0,8.0,Product,detemir,1.02432
1.0,10.0,Product,detemir,0.97198
1.0,13.0,Product,detemir,0.9229
1.0,16.0,Product,detemir,0.90014
1.0,19.0,Product,detemir,0.96173
1.0,22.0,Product,detemir,1.05764
1.0,25.0,Product,detemir,1.02404
1.0,30.0,Product,detemir,1.01216
1.0,35.0,Product,detemir,0.98734
1.0,40.0,Product,detemir,0.89381
1.0,50.0,Product,detemir,1.00009
1.0,70.0,Product,detemir,1.04988
1.0,80.0,Product,detemir,0.542925
1.0,120.0,Product,detemir,0.97479
1.5,0.0,Product,A1,0.0
1.5,2.0,Product,A1,0.00989
1.5,4.0,Product,A1,0.01168
1.5,6.0,Product,A1,0.01133
1.5,8.0,Product,A1,0.01097
1.5,10.0,Product,A1,0.01142
1.5,13.0,Product,A1,0.01115
1.5,16.0,Product,A1,0.01004
1.5,19.0,Product,A1,0.00989
1.5,22.0,Product,A1,0.00938
1.5,25.0,Product,A1,0.00938
1.5,30.0,Product,A1,0.00974
1.5,35.0,Product,A1,0.0098
1.5,40.0,Product,A1,0.00965
1.5,45.0,Product,A1,0.00875
1.5,50.0,Product,A1,0.00979
1.5,60.0,Product,A1,0.00915
1.5,80.0,Product,A1,0.01068
1.5,100.0,Product,A1,0.00991
1.5,120.0,Product,A1,0.0096
1.5,0.0,Product,A1_B1,0.0
1.5,2.0,Product,A1_B1,0.00011
1.5,8.0,Product,A1_B1,0.0001
1.5,45.0,Product,A1_B1,0.00014
1.5,50.0,Product,A1_B1,0.00019
1.5,0.0,Product,A1_B29,0.0
1.5,2.0,Product,A1_B29,0.01029
1.5,4.0,Product,A1_B29,0.02212
1.5,6.0,Product,A1_B29,0.03001
1.5,8.0,Product,A1_B29,0.03534
1.5,10.0,Product,A1_B29,0.04094
1.5,13.0,Product,A1_B29,0.04488
1.5,16.0,Product,A1_B29,0.04674
1.5,19.0,Product,A1_B29,0.04441
1.5,22.0,Product,A1_B29,0.04408
1.5,25.0,Product,A1_B29,0.0463
1.5,30.0,Product,A1_B29,0.04852
1.5,35.0,Product,A1_B29,0.0483
1.5,40.0,Product,A1_B29,0.05015
1.5,45.0,Product,A1_B29,0.0442
1.5,50.0,Product,A1_B29,0.04845
1.5,60.0,Product,A1_B29,0.04603
1.5,80.0,Product,A1_B29,0.05072
1.5,100.0,Product,A1_B29,0.04807
1.5,120.0,Product,A1_B29,0.04678
1.5,0.0,Product,A1_B29_B1,0.0
1.5,6.0,Product,A1_B29_B1,0.00074
1.5,8.0,Product,A1_B29_B1,0.00111
1.5,10.0,Product,A1_B29_B1,0.00143
1.5,13.0,Product,A1_B29_B1,0.00126
1.5,16.0,Product,A1_B29_B1,0.00199
1.5,19.0,Product,A1_B29_B1,0.00159
1.5,22.0,Product,A1_B29_B1,0.00149
1.5,25.0,Product,A1_B29_B1,0.00109
1.5,30.0,Product,A1_B29_B1,0.00155
1.5,35.0,Product,A1_B29_B1,0.00176
1.5,40.0,Product,A1_B29_B1,0.00163
1.5,45.0,Product,A1_B29_B1,0.00119
1.5,50.0,Product,A1_B29_B1,0.00124
1.5,60.0,Product,A1_B29_B1,0.00124
1.5,80.0,Product,A1_B29_B1,0.00158
1.5,100.0,Product,A1_B29_B1,0.00137
1.5,120.0,Product,A1_B29_B1,0.00126
1.5,0.0,Product,B1,0.0
1.5,0.0,Product,B1_B29,0.0
1.5,4.0,Product,B1_B29,0.00076
1.5,6.0,Product,B1_B29,0.00119
1.5,8.0,Product,B1_B29,0.00157
1.5,10.0,Product,B1_B29,0.00183
1.5,13.0,Product,B1_B29,0.00223
1.5,16.0,Product,B1_B29,0.00195
1.5,19.0,Product,B1_B29,0.00188
1.5,22.0,Product,B1_B29,0.00194
1.5,25.0,Product,B1_B29,0.00223
1.5,30.0,Product,B1_B29,0.00228
1.5,35.0,Product,B1_B29,0.00228
1.5,40.0,Product,B1_B29,0.00252
1.5,45.0,Product,B1_B29,0.00232
1.5,50.0,Product,B1_B29,0.00269
1.5,60.0,Product,B1_B29,0.0024
1.5,80.0,Product,B1_B29,0.00272
1.5,100.0,Product,B1_B29,0.00269
1.5,120.0,Product,B1_B29,0.00287
1.5,0.0,Substrate,desb30,0.57652
1.5,2.0,Substrate,desb30,0.30452
1.5,4.0,Substrate,desb30,0.22281
1.5,6.0,Substrate,desb30,0.18417
1.5,8.0,Substrate,desb30,0.1587
1.5,10.0,Substrate,desb30,0.16241
1.5,13.0,Substrate,desb30,0.16242
1.5,16.0,Substrate,desb30,0.12629
1.5,19.0,Substrate,desb30,0.11833
1.5,22.0,Substrate,desb30,0.1124
1.5,25.0,Substrate,desb30,0.11075
1.5,30.0,Substrate,desb30,0.11444
1.5,35.0,Substrate,desb30,0.1279
1.5,40.0,Substrate,desb30,0.11588
1.5,45.0,Substrate,desb30,0.10603
1.5,50.0,Substrate,desb30,0.11532
1.5,60.0,Substrate,desb30,0.10992
1.5,80.0,Substrate,desb30,0.14548
1.5,100.0,Substrate,desb30,0.11897
1.5,120.0,Substrate,desb30,0.11412
1.5,0.0,Product,detemir,0.0
1.5,2.0,Product,detemir,0.199
1.5,4.0,Product,detemir,0.28057
1.5,6.0,Product,detemir,0.30605
1.5,8.0,Product,detemir,0.32468
1.5,10.0,Product,detemir,0.35121
1.5,13.0,Product,detemir,0.36048
1.5,16.0,Product,detemir,0.3522
1.5,19.0,Product,detemir,0.34538
1.5,22.0,Product,detemir,0.32924
1.5,25.0,Product,detemir,0.33329
1.5,30.0,Product,detemir,0.34724
1.5,35.0,Product,detemir,0.34828
1.5,40.0,Product,detemir,0.3472
1.5,45.0,Product,detemir,0.31616
1.5,50.0,Product,detemir,0.35107
1.5,60.0,Product,detemir,0.33705
1.5,80.0,Product,detemir,0.37338
1.5,100.0,Product,detemir,0.35409
1.5,120.0,Product,detemir,0.3429
2.0,0.0,Product,A1,0.0
2.0,2.0,Product,A1,0.00868
2.0,4.0,Product,A1,0.00613
2.0,6.0,Product,A1,0.00455
2.0,8.0,Product,A1,0.00392
2.0,10.0,Product,A1,0.0034
2.0,13.0,Product,A1,0.00283
2.0,16.0,Product,A1,0.00254
2.0,19.0,Product,A1,0.00217
2.0,22.0,Product,A1,0.0022
2.0,25.0,Product,A1,0.0021
2.0,30.0,Product,A1,0.00179
2.0,35.0,Product,A1,0.00193
2.0,40.0,Product,A1,0.00177
2.0,50.0,Product,A1,0.00176
2.0,60.0,Product,A1,0.00172
2.0,70.0,Product,A1,0.00158
2.0,80.0,Product,A1,0.00169
2.0,100.0,Product,A1,0.00146
2.0,120.0,Product,A1,0.00171
2.0,0.0,Product,A1_B1,0.0
2.0,2.0,Product,A1_B1,1e-05
2.0,4.0,Product,A1_B1,9e-05
2.0,6.0,Product,A1_B1,0.0001
2.0,8.0,Product,A1_B1,0.00014
2.0,10.0,Product,A1_B1,0.00014
2.0,13.0,Product,A1_B1,0.00015
2.0,16.0,Product,A1_B1,0.00018
2.0,19.0,Product,A1_B1,0.00018
2.0,22.0,Product,A1_B1,0.00017
2.0,25.0,Product,A1_B1,0.00018
2.0,30.0,Product,A1_B1,0.00017
2.0,35.0,Product,A1_B1,0.00021
2.0,40.0,Product,A1_B1,0.00016
2.0,50.0,Product,A1_B1,0.00017
2.0,60.0,Product,A1_B1,0.00015
2.0,0.0,Product,A1_B29,0.0
2.0,2.0,Product,A1_B29,0.02719
2.0,4.0,Product,A1_B29,0.053
2.0,6.0,Product,A1_B29,0.06511
2.0,8.0,Product,A1_B29,0.0805
2.0,10.0,Product,A1_B29,0.08439
2.0,13.0,Product,A1_B29,0.0882
2.0,16.0,Product,A1_B29,0.09766
2.0,19.0,Product,A1_B29,0.09259
2.0,22.0,Product,A1_B29,0.10779
2.0,25.0,Product,A1_B29,0.11167
2.0,30.0,Product,A1_B29,0.10352
2.0,35.0,Product,A1_B29,0.11956
2.0,40.0,Product,A1_B29,0.11592
2.0,50.0,Product,A1_B29,0.11892
2.0,60.0,Product,A1_B29,0.11961
2.0,70.0,Product,A1_B29,0.11312
2.0,80.0,Product,A1_B29,0.12125
2.0,100.0,Product,A1_B29,0.10867
2.0,120.0,Product,A1_B29,0.12504
2.0,0.0,Product,A1_B29_B1,0.0
2.0,2.0,Product,A1_B29_B1,0.0038
2.0,4.0,Product,A1_B29_B1,0.00806
2.0,6.0,Product,A1_B29_B1,0.0066
2.0,8.0,Product,A1_B29_B1,0.00238
2.0,10.0,Product,A1_B29_B1,0.00436
2.0,13.0,Product,A1_B29_B1,0.00242
2.0,16.0,Product,A1_B29_B1,0.0028
2.0,19.0,Product,A1_B29_B1,0.00276
2.0,22.0,Product,A1_B29_B1,0.00295
2.0,25.0,Product,A1_B29_B1,0.0031
2.0,30.0,Product,A1_B29_B1,0.00481
2.0,35.0,Product,A1_B29_B1,0.00308
2.0,40.0,Product,A1_B29_B1,0.00311
2.0,50.0,Product,A1_B29_B1,0.00314
2.0,60.0,Product,A1_B29_B1,0.00316
2.0,70.0,Product,A1_B29_B1,0.00303
2.0,80.0,Product,A1_B29_B1,0.00328
2.0,100.0,Product,A1_B29_B1,0.00287
2.0,120.0,Product,A1_B29_B1,0.00328
2.0,0.0,Product,B1,0.0
2.0,0.0,Product,B1_B29,0.0
2.0,2.0,Product,B1_B29,0.00061
2.0,4.0,Product,B1_B29,0.00117
2.0,6.0,Product,B1_B29,0.00155
2.0,8.0,Product,B1_B29,0.00194
2.0,10.0,Product,B1_B29,0.00201
2.0,13.0,Product,B1_B29,0.00201
2.0,16.0,Product,B1_B29,0.00221
2.0,19.0,Product,B1_B29,0.00208
2.0,22.0,Product,B1_B29,0.00239
2.0,25.0,Product,B1_B29,0.00242
2.0,30.0,Product,B1_B29,0.00224
2.0,35.0,Product,B1_B29,0.00263
2.0,40.0,Product,B1_B29,0.00251
2.0,50.0,Product,B1_B29,0.00258
2.0,60.0,Product,B1_B29,0.0027
2.0,70.0,Product,B1_B29,0.00268
2.0,80.0,Product,B1_B29,0.00294
2.0,100.0,Product,B1_B29,0.0027
2.0,120.0,Product,B1_B29,0.00327
2.0,0.0,Substrate,desb30,0.48694
2.0,2.0,Substrate,desb30,0.16637
2.0,4.0,Substrate,desb30,0.07689
2.0,6.0,Substrate,desb30,0.05102
2.0,8.0,Substrate,desb30,0.03642
2.0,10.0,Substrate,desb30,0.02978
2.0,13.0,Substrate,desb30,0.02211
2.0,16.0,Substrate,desb30,0.01833
2.0,19.0,Substrate,desb30,0.01518
2.0,22.0,Substrate,desb30,0.01458
2.0,25.0,Substrate,desb30,0.01423
2.0,30.0,Substrate,desb30,0.01146
2.0,35.0,Substrate,desb30,0.01215
2.0,40.0,Substrate,desb30,0.01152
2.0,50.0,Substrate,desb30,0.01199
2.0,60.0,Substrate,desb30,0.01204
2.0,70.0,Substrate,desb30,0.01007
2.0,80.0,Substrate,desb30,0.01088
2.0,100.0,Substrate,desb30,0.00976
2.0,120.0,Substrate,desb30,0.01327
2.0,0.0,Product,detemir,0.0
2.0,2.0,Product,detemir,0.30985
2.0,4.0,Product,detemir,0.34804
2.0,6.0,Product,detemir,0.3804
2.0,8.0,Product,detemir,0.37717
2.0,10.0,Product,detemir,0.38047
2.0,13.0,Product,detemir,0.3633
2.0,16.0,Product,detemir,0.36548
2.0,19.0,Product,detemir,0.34171
2.0,22.0,Product,detemir,0.36728
2.0,25.0,Product,detemir,0.37093
2.0,30.0,Product,detemir,0.33252
2.0,35.0,Product,detemir,0.37466
2.0,40.0,Product,detemir,0.361
2.0,50.0,Product,detemir,0.36509
2.0,60.0,Product,detemir,0.36382
2.0,70.0,Product,detemir,0.34331
2.0,80.0,Product,detemir,0.36898
2.0,100.0,Product,detemir,0.33011
2.0,120.0,Product,detemir,0.37939
